ID,Title,Location,Salary,Summery
https://kr.indeed.com/viewjob?jk=a0397bd0c63f81ea,DevSecOps Engineer,서울,,other K8s ecosystem Experience with scripting languages... Python / Ruby / Go. Good written/verbal communication skills...
https://kr.indeed.com/viewjob?jk=48c982e865d9303a,개발직군 산업기능요원 보충역 신규 특별,서울 강남구,,통신·모바일·게임>빅데이터·AI(인공지능)>머신러닝|인터넷·IT·통신·모바일·게임>빅데이터·AI(인공지능)> Python|인터넷·IT·통신·모바일·게임>응용프로그래머>머신러닝(ML)|인터넷·IT·통신·모바일·게임>응용프로그래머...
https://kr.indeed.com/viewjob?jk=91097e65849243a2,Analytics Consultant (PharmDash) - Korea,대한민국,,"team members necessary for delivery Ability to use SAS, R, Python and SQL to run queries on HIRA databases, interpret..."
https://kr.indeed.com/viewjob?jk=ac64fda2e281b835,"Software Engineer, People with Disabilities (장애인 채용)",서울,,"languages, including... limited to: C++, Java, C and Python. Experience in a variety of projects utilizing natural..."
https://kr.indeed.com/viewjob?jk=69d3cc2cca262747,Machine Learning Engineer Intern - Korea,서울,,"Strong algorithms and data structure skills. Fluent... least one programming language including Python, Java, and Golang."
https://kr.indeed.com/viewjob?jk=a0eabf1d7fee2929,System Engineer,서울 강남구,,분석·설계>시스템엔지니어|인터넷·IT·통신·모바일·게임>응용프로그래머>Linux|인터넷·IT·통신·모바일·게임>응용프로그래머> Python|인터넷·IT·통신·모바일·게임>네트워크·서버·보안>UNIX·LINUX계열 서버운영·관리
https://kr.indeed.com/viewjob?jk=0f1a42c235df87db,"Customer Engineer, Corporate, Google Cloud",서울,,"scripting/programming languages: Java, Go, Kotlin, C#, Python, Perl... Shell Scripting. Ability to rapidly prototype..."
https://kr.indeed.com/viewjob?jk=af5683389907a8c9,백엔드 개발자 (경력),서울 역삼동,,"데이터 관리 (Auth0) - 블록체인 지갑 인증 (Ethereum, EOS) [자격요건] - 백엔드 & Python 실무 개발경험 3년 이상 혹은 그에 준하는 능력을 갖고 있으신 분 - 새로운 기술에 대해 호기심을 갖고..."
https://kr.indeed.com/viewjob?jk=9518633e4ddd93aa,[Manta] 데이터분석가,서울,,"이상의 모바일 앱 및 웹의 고객 행동 데이터 분석을 통한 서비스 개선 경험 데이터 처리 언어(SQL, R, Python, Scala 등)와 BI툴(Tableau, Power BI 등)에 대한 지식을 보유하고 계신 전문가 빠르..."
https://kr.indeed.com/viewjob?jk=3ee36bdc09e03808,Korea - Site Reliability Engineering Lead,서울,,"other modern enterprise languages (functional or other -Scala, Python, Golang, etc.) is preferred • Understanding of DNS..."
https://kr.indeed.com/viewjob?jk=043516001b6ef966,교육 웹 서비스 기획/ 콘텐츠 서비스 기획,서울 성동구,,"Science, Data Science, AI, Algorithm, Python 등... 데이터 분석, 인공지능, 프로그래밍 언어) 교육에 관심... AI, Algorithm, Python 등)• IT(데이터 분석, 인공지능..."
https://kr.indeed.com/viewjob?jk=14a84e493f6caa2b,Business Data Analyst (경력),서울 강남구,,데이터베이스·DBA>SQL|인터넷·IT·통신·모바일·게임>응용프로그래머> Python|인터넷·IT·통신·모바일·게임>빅데이터·AI(인공지능)> Python|인터넷·IT·통신·모바일·게임>빅데이터·AI(인공지능)>데이터분석|인터넷...
https://kr.indeed.com/viewjob?jk=8c8c96a3ffac77f8,데이터 엔지니어 경력 정규직,서울 중구,,"Redshift, Snowflake 등) 설계, 개발, 운영 경험• Python/R/dbt, Kafka/Airflow 등을 사용하여 데이터 전처리를... 게임>빅데이터·AI(인공지능)> Python|인터넷·IT·통신·모바일·게임..."
https://kr.indeed.com/viewjob?jk=f4078127b83d2e57,머신러닝/딥러닝 서비스 기획/개발 담당자,서울 중구,,통신·모바일·게임>빅데이터·AI(인공지능)>머신러닝|인터넷·IT·통신·모바일·게임>응용프로그래머>머신러닝(ML)|인터넷·IT·통신·모바일·게임>응용프로그래머> Python|인터넷·IT·통신·모바일·게임>응용프로그래머>JAVA
https://kr.indeed.com/viewjob?jk=42fb069bfe5c4224,[하나금융융합기술원] NLP (자연어처리)Text Mining 경력사원 모집,인천 청라동,,"업공학/컴퓨터과학 관련 학위 · 자연어처리/텍스트마이닝/머신러닝/딥러닝 모델 연구개발 경력자 · 프로그래밍( Python, C/C++, Java 등) 능력 [우대사항] ·NLP관련 딥러닝 지식 및 활용 경험 ·NLP관련 솔루..."
https://kr.indeed.com/viewjob?jk=4a0a7b36dbc554f9,Quantitative Research Intern,서울,,languages (C++ and Python preferred) Able... 예정자 우수한 학업 성적 프로그래밍 언어에 익숙한 분 (C++ 및 Python 선호) 영어로 의사소통이 가능하신 분 글로벌 금융 시장에 대해 배우려는...
https://kr.indeed.com/viewjob?jk=f54bac6c78fd3240,코딩에 빠진 수퍼 개발자 (펌웨어 개발),성남 수정구,,"학력무관직무기술: 펌웨어(Firmware), Embedded System S/W 개발(판교) c/c++, Python 3 명 근무조건 고용형태: 정규직근무부서: 개발팀급여조건: 연봉 협의 후 결정 전형단계 및 제출서류 전형단..."
https://kr.indeed.com/viewjob?jk=aa668970a94e70ac,산업기능요원(보충역 신규편입/전직),서울 강남구,,Jr. Front-end Engineer (Javascript) Jr. Back-end Engineer ( Python) Mobile App Engineer (React Native/React) DevOps Engineer...
https://kr.indeed.com/viewjob?jk=c0574107a4de85c1,로데슈바르즈코리아 연구소 개발자,서울 강남구,,"소프트웨어 개발 혹은 시스템 통합 경험을 보유하신 분으로 경력 1년 ~ 3년ㆍ프로그래밍 언어 C/C++, Pythonㆍ적극적으로 동료들과 소통하고 책임감이 있는 분ㆍ새로운 기술 습득에 열정이 있으신 분ㆍ비지니스 수준의 영어..."
https://kr.indeed.com/viewjob?jk=053378a070533ffc,DBA,서울 강남구,,"경험이 있으신 분 MySQL 모니터링 및 트러블 슈팅 경험이 있으신 분 스크립트 언어 사용이 가능하신 분 ( Python, Shell 등) [우대요건] Kubernetes 환경 경험이 있으신 분 부하테스트를 즐겨하시는 분 긍정..."
https://kr.indeed.com/viewjob?jk=e3f3b7e2103d9bc7,"웹개발, 백엔드 외 신입/경력 정규직",서울 강남구,,로그래머>웹개발|인터넷·IT·통신·모바일·게임>웹프로그래머>백엔드|인터넷·IT·통신·모바일·게임>웹프로그래머>프론트엔드|인터넷·IT·통신·모바일·게임>웹프로그래머> Python|인터넷·IT·통신·모바일·게임>웹프로그래머>PHP
https://kr.indeed.com/viewjob?jk=9ff286e5c18f8065,[Forest CIC] NAVER Shopping Data Solution 직무별 담당자 (경력),서울,,"비정기적 데이터의 현황을 인사이트 있게 분석 하고 , 간결한 언어로 리포팅 경험이 많으신 분 - R/ Python, SQL 등 분석툴 활용 능력이 가능하신 분 - 데이터 모델링을 위한 수학적 , 통계적 지식이 있으신 분..."
https://kr.indeed.com/viewjob?jk=bbad1f090196be9e,2022년 3월 품질 신입사원 수시,청주 오창읍,,"등)/프로그래밍 언어 (R, Python, Visual Basic 등... 로그램(Minitab, SPSS, SAS 등)/프로그래밍 언어 (R, Python, Visual Basic 등)에 대한 경험 1) 정규 4년제 대학교..."
https://kr.indeed.com/viewjob?jk=733b814969bff5a7,Jr. Back-end Engineer (Python),서울 강남구,,"이런 분을 찾아요 2년 이상의 Python을 활용한 백엔드 개발 업무를 수행한 경험이 있으신 분 Django, Django Rest Framework, Flask 등의 Python web framework를 사용하여..."
https://kr.indeed.com/viewjob?jk=c2dd55e197751439,[KSTEC] 통계/Analytics 신입 및 경력사원,성남 분당구,,"지능화 (의사결정 자동화) 시스템 개발 (SPSS, SAS, R, Python, Java 기반)2. 기업용 데이터과학 & 인공지능 플랫폼 솔루션3... 게임>빅데이터·AI(인공지능)> Python|인터넷·IT·통신·모바일·게임..."
https://kr.indeed.com/viewjob?jk=785c1ff464f60582,Fresh FC FP&A,서울,,"experience in other data processing and modeling language (R, Python, etc.) ● Experience to initiate and drive analytics..."
https://kr.indeed.com/viewjob?jk=ac8dccea1e13ec07,Senior Product Support Engineer - Korea,경기도,,"personal interface skills needed. Proficiency in C++, Python, C#, and Visual Basic desired. Must be fluent in reading..."
https://kr.indeed.com/viewjob?jk=61b23b6cfda8ab6c,데이터 분석가 (신입/경력),서울 금천구,,빅데이터·AI(인공지능)>빅데이터|인터넷·IT·통신·모바일·게임>빅데이터·AI(인공지능)>데이터분석|인터넷·IT·통신·모바일·게임>빅데이터·AI(인공지능)> Python|인터넷·IT·통신·모바일·게임>데이터베이스·DBA>SQL
https://kr.indeed.com/viewjob?jk=dc793caf2ce3e2bb,1분기 게임 서버 개발자 (신입/경력),서울 서초구,,"프로그래밍 언어로 소프트웨어를 개발한 경험이 있는 분 * C/C++, C#, JavaScript, Python, Go.새로운 프로그래밍 언어를 습득하는데 어려움이 없거나 혹은 흥미를 갖고 있는 분OS/System..."
https://kr.indeed.com/viewjob?jk=8da5c72baf146123,Site Engineer (Seoul),서울,,의력과 열정을 가진 분을 찾고 있습니다. 지원자격 필수조건 Linux/Windows 시스템 능숙 C++/ Python/Golang 등 코드 컴파일 및 디버깅 경험 우대조건 물류관련 프로젝트 경험 CS 및 관련 학과 출신...
https://kr.indeed.com/viewjob?jk=0699e6dbb5a0ec38,Software Engineer,서울,,"skills with co-worker Good Programming Skills in C#, C, Python Embedded FW development Generate GUI (Graphic User..."
https://kr.indeed.com/viewjob?jk=35f0a25dee5f3312,딥러닝 알고리즘 및 응용 Engineer,성남 분당구,,모바일·게임>빅데이터·AI(인공지능)>인공지능(AI)|인터넷·IT·통신·모바일·게임>빅데이터·AI(인공지능)> Python|인터넷·IT·통신·모바일·게임>빅데이터·AI(인공지능)>머신러닝|인터넷·IT·통신·모바일·게임>빅데이터...
https://kr.indeed.com/viewjob?jk=0b8954820c552c3b,Korea - Lead Data Analyst,서울,,"SQL •Basic experience with scripting languages... Shell, Python and source code control tools... GitHub •Experience..."
https://kr.indeed.com/viewjob?jk=8190cd1f86a60728,DeepLearning R&D Researcher,서울,,"1 ~ 5년 내외 • 자연어 처리(NLP) or 이미지 처리(VISION) 관련 백그라운드를 보유한 분 • Python, C++ 등의 프로그래밍 언어를 1개 이상 자유자재로 다루고 Linux/Shell 환경에 익숙하신 분..."
https://kr.indeed.com/viewjob?jk=9cf0cfc08a28f815,[쿠키런 : 마녀의성] 데이터 분석가,서울 강남구,,통신·모바일·게임>빅데이터·AI(인공지능)>빅데이터|인터넷·IT·통신·모바일·게임>빅데이터·AI(인공지능)> Python|인터넷·IT·통신·모바일·게임>ERP·시스템분석·설계>데이터분석|인터넷·IT·통신·모바일·게임>ERP...
https://kr.indeed.com/viewjob?jk=cd919aed133f6b4d,빅데이터분석 수시 채용,서울 을지로2가,,"대사항] - 빅데이터 분석 프로젝트 Leading 경력 - 보건의료 빅데이터 분석 경력 - SAS, R, Python 등 프로그래밍 가능자 - 머신러닝/딥러닝 활용 예측모형 개발 - 보건의료빅데이터(건강보험심사평가원, 국민..."
https://kr.indeed.com/viewjob?jk=649ccf047c868778,"금융 데이터 분석 엔진, 로보어드바이저 개발자",서울 영등포구,,"시스템, 머신러닝, 자연어처리. 패턴분석 - 다음 언어에서 최소 한 가지 이상 능숙자: Java, C++, Python, JavaScript 우대사항 - 석사이상 컴퓨터공학 (Computer Science) 분야 또는..."
https://kr.indeed.com/viewjob?jk=116009dbf59211ed,퍼즐데이터 역량있는 데이터 분석가,서울 역삼동,,"데이터 마이닝 및 통계분석에 대한 전반적인 이해 3. 관련분야(산업공학, 통계 등) 전공 4. R or Python 사용 능력 * 이런 분은 더욱 좋아요. 1. 프로세스 마이닝 지식 보유자 2. 관련분야 대학원 전공 3..."
https://kr.indeed.com/viewjob?jk=6bdb3ae5f5c8c0bd,AI Agent 서비스 Data 분석 개발자,서울 중구,,"분석 경험Java & Spring Framework 기반 서비스 개발 경험ML/DL 기반 모델 개발 경험 Python, R, Presto, SQL(고급) 기반의 분석 역량신규 Data, 인터넷·IT·통신·모바일·게임>빅데이터..."
https://kr.indeed.com/viewjob?jk=53123195365ac509,Validation Manager (CSS 모형),서울 강남구,,SQL|마케팅·광고·홍보·조사>조사·분석·통계>통계·SAS|인터넷·IT·통신·모바일·게임>응용프로그래머> Python|인터넷·IT·통신·모바일·게임>응용프로그래머>머신러닝(ML)|인터넷·IT·통신·모바일·게임>빅데이터·AI...
https://kr.indeed.com/viewjob?jk=dae1d26d25c1ee21,[Beluga] 음성 (TTS/STT) 딥러닝 엔지니어 (경력 무관),서울 강남구,,경험을 보유하신 분독창적인 기술 제시 및 문제 해결을 위한 프로그래밍 능력을 보유하신 분 (C/C++/ Python/shell 등)오픈소스 기반 딥 러닝 프레임워크 활용 능력을 보유하신 분 (PyTorch/TensorFlow...
https://kr.indeed.com/viewjob?jk=c3f8b11f7635fc0f,자동차 전장 SW Engineering 분야 전문가,서울 강서구,,"시스템, 릴리즈 관리, 변경 관리 경험 3년 이상 - Yocto, Android 등 개발 환경 - C/C++, Python, Git, Gerrit, CMake, Make 등 - 컨테이너, 클라우드 기반의 빌드 환경 ﻿구축..."
https://kr.indeed.com/viewjob?jk=109c5533ffdaaa84,[DB금융투자] 2021년 하반기 신입사원 모집,서울 대치동,,"개선, 신규 서비스 기획 등 프로젝트 진행 전공 제한없음 ※ JAVA, Objective-C/Swift, Python 등 기술보유자 우대... 금융관련 자격증 보유자 우대 ※ 영어 능통자 우대 0명 서울 (여의도..."
https://kr.indeed.com/viewjob?jk=cb973769974700e0,"Software Engineer, Android Connectivity",서울,,"one or more... following languages: C, C++, Java, or Python. Preferred qualifications: 5 years of experience in Android..."
https://kr.indeed.com/viewjob?jk=35fecc3e04d5571c,[SAPEON Korea] AI Accelerator Field Application Engineer,경기도,,"Hardware Accelerator 기본 동작 이해- C/C++, Python 프로그램 개발 능력- 소프트웨어 설계 및 알고리즘 구현, 최적화 역량... 통신·모바일·게임>응용프로그래머> Python|인터넷·IT·통신·모바일·게임..."
https://kr.indeed.com/viewjob?jk=045c3f7ac2bf61ab,"Lead Software Engineer, Machine Learning (English)",서울,,"machine learning. Experience coding in C++, C, or Python. Ability to speak and write in English fluently. Preferred..."
https://kr.indeed.com/viewjob?jk=6f46c0e603f69576,[대형증권사] 금융특화 한글 음성합성(TTI),서울 강남구,,통신·모바일·게임>웹프로그래머> Python|인터넷·IT·통신·모바일·게임... 응용프로그래머>JAVA|인터넷·IT·통신·모바일·게임>응용프로그래머> Python|인터넷·IT·통신·모바일·게임>빅데이터·AI(인공지능)>음성인식|인터...
https://kr.indeed.com/viewjob?jk=8d43cb4ea87ff50c,[하나금융융합기술원] Computer Vision 경력사원 모집,인천 청라동,,"딥러닝 프레임워크(TensorFlow, PyTorch등) 기반 컴퓨터비전 연구개발 경험 · 프로그래밍( Python, C/C++ 등) 능력 [우대사항] ·컴퓨터 그래픽스 이해/구현/활용 경험 ·AI관련 최신 논문의 이해/구현..."
https://kr.indeed.com/viewjob?jk=e36b281df2933890,[위메프서비스] E-Commerce 데이터엔지니어/NLP개발자,대한민국,,"우리가 사용하는 기술] 개발언어: Python, Java 하둡인프라... 시스템 Hadoop 및 Spark 경험이 있으신 분 Java, Python 개발 능력을 보유하신 분(중급 이상) Hadoop Ecosystem..."
https://kr.indeed.com/viewjob?jk=e1f6164f1d03449a,주식회사 데이터스트림즈 기술연구소 Python/Java 개발자,성남 분당구,,데이터스트림즈 기술연구소 Python/Java 개발자 채용 모집부문 및 자격요건 담당업무 자격요건 우대사항 Python/Java 개발 직군 경력직... 통신·모바일·게임>웹프로그래머> Python|인터넷·IT·통신·모바일·게임...
https://kr.indeed.com/viewjob?jk=825b019ff2840218,취업포털본부 디자인팀 경력직,서울 중구,,로그래머>백엔드|인터넷·IT·통신·모바일·게임>웹프로그래머>프론트엔드|인터넷·IT·통신·모바일·게임>웹프로그래머> Python|인터넷·IT·통신·모바일·게임>웹프로그래머>ASP.NET|인터넷·IT·통신·모바일·게임>웹프로그래머...
https://kr.indeed.com/viewjob?jk=23c6fc391cb50def,Data Engineer (Analytics),서울 강남구,,모바일·게임>ERP·시스템분석·설계>데이터분석|인터넷·IT·통신·모바일·게임>응용프로그래머>머신러닝(ML)|인터넷·IT·통신·모바일·게임>응용프로그래머> Python|인터넷·IT·통신·모바일·게임>데이터베이스·DBA>SQL
https://kr.indeed.com/viewjob?jk=5e3dcd917846a728,자동화 물류 장비 관련 기구 설계 및 제어 기술자 (신입 및 경력),인천 부평구,,"용한 자동화 물류 및 무인 운반차 하드웨어 설계 및 제작하기 또는[소프트웨어 개발 및 운영]C++, C#, Python 등의 프로그램 언어를 사용하여 모터를 제어하고 센서의 신호를 이용하여 전반적인 자동화 장비를 모니터링하고..."
https://kr.indeed.com/viewjob?jk=9cfce6a40920af43,Data Engineer (Analytics Product),서울 강남구,,데이터분석|인터넷·IT·통신·모바일·게임>빅데이터·AI(인공지능)> Python|인터넷·IT·통신·모바일·게임>ERP·시스템분석·설계>빅데이터|인터넷... 로그래머>JAVA|인터넷·IT·통신·모바일·게임>응용프로그래머> Python
https://kr.indeed.com/viewjob?jk=b40a09bb26c18930,"S/W개발자, H/W개발자, 기구설계 전문가",서울 강서구,,"집부문 담당업무 자격요건 인원 S/W개발자H/W개발자기구설계직 [담당업무][S/W 개발]- C, C++, Python 프로그래밍 가능- 영상 처리, 컴퓨터 비전, 머신러닝, 비디오 스트리밍 관련 개발 경력 보유- OpenCV..."
https://kr.indeed.com/viewjob?jk=9f91ece4e66ef5a9,소프트웨어개발자(정규직) 신입/경력 정규직 병역특례전문요원가능업체,인천 연수구,,인공지능)> Python|인터넷·IT·통신·모바일·게임>빅데이터·AI(인공지능)>신경회로망연구원|인터넷·IT·통신·모바일·게임>전산·IT기술지원>S/W 엔지니어|인터넷·IT·통신·모바일·게임>응용프로그래머> Python|인터넷...
https://kr.indeed.com/viewjob?jk=a5e926e1d22cdc11,각 분야별 인재 Pool 등록,서울,,"자 - 데이터 분석 툴(Adobe Analytics 또는 Google Analytics) 유경험자 우대 - Python, R, SQL 역량 보유자 우대 - 데이터에 기반한 문제해결 능력 및 통계학적 지식 보유자 우대 - 담당..."
https://kr.indeed.com/viewjob?jk=375d31c1f3157770,Machine Learning Engineer,서울,,"statistics and algorithms • Ability to write robust code in Python, Java and R • Familiarity with machine learning..."
https://kr.indeed.com/viewjob?jk=747393ca945eeba5,[KREAM] Server 개발자,성남 분당구,,적극적인 커뮤니케이션을 지향합니다. 인터넷·IT·통신·모바일·게임>웹프로그래머> Python|인터넷·IT·통신·모바일·게임>응용프로그래머> Python|인터넷·IT·통신·모바일·게임>응용프로그래머>API|인터넷·IT·통신·모바일...
https://kr.indeed.com/viewjob?jk=5c456de872b81d82,"Software Engineering Intern, 2022",대한민국,,"programming languages including: Java, C/C++, C#, Objective-C, Python, JavaScript, Go, etc. Ability to complete a 10-12 week..."
https://kr.indeed.com/viewjob?jk=6f3cf2dacebda924,컴퓨터비전 개발자 경력 정규직,서울 성동구,,바일·게임>빅데이터·AI(인공지능)>인공지능(AI)|인터넷·IT·통신·모바일·게임>빅데이터·AI(인공지능)> Python|인터넷·IT·통신·모바일·게임>소프트웨어·하드웨어>소프트웨어|인터넷·IT·통신·모바일·게임>응용프로그래머>C·C++
https://kr.indeed.com/viewjob?jk=9e154b5b00d09b31,Software Engineer - Python and K8s,서울,,"we are building a new community around Python opscode for open source applications... who enjoy Python, have a passion..."
https://kr.indeed.com/viewjob?jk=4d08d3e1f1815e21,현대백화점 H.Point팀 데이터 분석/기획 경력,서울 삼성역,,"적용 모델링 - OLAP툴, R, Python, SQL 등 활용 분석 수행 및 리포팅 - 학사 이상 학위 취득자 - OLAP툴 사용 경험(3년 이상) - R, Python, SQL 등 심화 분석툴 경험(2년..."
https://kr.indeed.com/viewjob?jk=6b76df8456b931a8,생명과학사업본부 DX분야 경력사원 (마곡),서울 강서구,,"영업/마케팅 부서와 협업하여 DX 니즈 파악 및 과제 발굴 3) DX 과제 수행 및 관리 역량요건 - Python 및 Machine Learning Framework (Keras, Tensorflow, PyTorch 등..."
https://kr.indeed.com/viewjob?jk=3569cddb459c3fb8,"Partner Technology Manager, YouTube (English, Korean)",서울,,"Experience using one or more... following: Java, Python, PHP, XML, HTTP, HTML... JavaScript Experience with data..."
https://kr.indeed.com/viewjob?jk=59fd1cd02b4f8499,2022년 상반기 신.경력직,서울 금천구,,"(주)솔루게이트 JAVA, Python 외 신입/경력 정규직, 인턴 채용... 응용프로그래머>JAVA|인터넷·IT·통신·모바일·게임>응용프로그래머> Python|인터넷·IT·통신·모바일·게임>웹프로그래머>웹개발|인터넷·IT·통신..."
https://kr.indeed.com/viewjob?jk=6d15c3420e935aea,AI 분야 경력,서울,,"이상 (AI 관련 논문 발표) ② AI/딥러닝 알고리즘 연구개발 프로젝트 경험 ③ Ubuntu Linux, Python, Tensorflow, PyTorch 사용 중상급 이상 우대사항(해당 내용 중 1개 이상) ① AI/머신..."
https://kr.indeed.com/viewjob?jk=8d7887d0568db3e5,"'22년 현대중공업그룹 연구직(경력,신입) (수시 1차)",성남 분당구,,"가능자(Matlab, C#, Python 등) 우대 근무지 분당 모집인원... 공자 우대 - 시뮬레이션/생산계획 시스템 개발 경험자 우대 - C#, Python 프로그래밍 가능자 우대 - 실무경력 3년 이상 (경력) 근무지 분당..."
https://kr.indeed.com/viewjob?jk=464ef95516a5fa5c,8퍼센트 경력 개발자,서울 종로구,,"개발업무 - 금융 서비스 개발 - Python/Django 기반 - 정해진 역할이 아닌 기능에 따른 업무 분배 - 프로트엔드부터 백엔드까지 업무 범위... SQL 기본 - git flow - python, django 경험자 우대"
https://kr.indeed.com/viewjob?jk=2170d6b3d4399382,[동화기업] 신입사원 채용,인천 가좌동,,"공학, 수학, 통계학 전공 ㆍ데이터 분석 프로젝트 경험 보유자 우대사항 ㆍ분석 tool 사용 역량 보유자 ( Python, R, Scala 중 하나 이상) ㆍ인공지능 관련 최신 논문/기술 파악 가능자 여의도 데이터 엔지니..."
https://kr.indeed.com/viewjob?jk=cdb687a3cbc42040,Consultant Engineer,대전,,"programming language would be useful... essential o Python, Visual Basic, VBA in Excel, Java, C = Experience in data..."
https://kr.indeed.com/viewjob?jk=1bc6c09051f1d591,AI Research Engineer,서울,,"PyTorch, Caffe, and MxNet - Strong programming skills with Python and C/C++ - Experiences in programming and testing on Linux..."
https://kr.indeed.com/viewjob?jk=e91b5984e7f5d3fd,"데이터베이스개발자, 웹개발 신입/경력 정규직",서울 영등포구,,"개발자 ㆍCss/html 등 웹디자인 관련 유경험자 ㆍ자바스크립트, Python, C++, 닷넷 등 ㆍNode, Selenium, electron... 관련 유경험자ㆍ자바스크립트, Python, C++, 닷넷 등 ㆍNode..."
https://kr.indeed.com/viewjob?jk=f9828c4a40c911fe,전자부품 신입/경력사원 수시,서울 마곡역,,"Wi-Fi/BLE, ZigBee, LoRa 프로토콜 개발 및 디버깅 [경험/역량] - C/C++(필수), Python - 개발 경험(Field 이슈 해결 경험 보유 시 우대) · WiFi/BLE 등 Connectivity..."
https://kr.indeed.com/viewjob?jk=14e4fe59d785bce3,[산업기능요원] Software Engineer,서울,,"데이터 처리하며 프로세스 자동화 환경을 구축합니다. 자격 요건 산업기능요원 편입/전직 자격을 갖고 계신분 Python 개발에 자신 있는 분 다음과 같은 분야에서 하나 이상의 전문성을 갖춘 분 : 프론트엔드 앱, 분산/병렬..."
https://kr.indeed.com/viewjob?jk=a1ef716875633a47,[R&D]모션컨트롤 S/W 개발자,서울 강서구,,제어) - 모션제어 성능 검증 및 SW 유지 보수 인터넷·IT·통신·모바일·게임>응용프로그래머>C·C++|인터넷·IT·통신·모바일·게임>응용프로그래머> Python|인터넷·IT·통신·모바일·게임>시스템프로그래머>센서개발자
https://kr.indeed.com/viewjob?jk=fb4d29cc4e9ea24a,Data Scientist,서울 영등포구,,"기반 예측, 모델링 프로젝트 경험자 데이터 분석/모델링을 위한 언어 및 프레임워크 사용에 익숙하신 분 ( Python, R, SQL, Pandas, TensorFlow, Pytorch, Spark 등) 회사 내부 구성원들과..."
https://kr.indeed.com/viewjob?jk=0e25160b5a1d095f,[유통 대기업] Business Analyst(비지니스분석가) 과차장급,서울,,"이터 컨설팅 또는 비즈니스 컨설팅 경력 5년 이상 보유 -SQL, R, Python 중 1개 이상의 분석 도구 활용 경험 보유 -비지니스에 대한 문제... 게임>빅데이터·AI(인공지능)> Python|인터넷·IT·통신·모바일·게임..."
https://kr.indeed.com/viewjob?jk=33b9259fb2f35050,UX Researcher - NPE Korea,서울,,"early stage, zero to one products Experience using SQL/Hive, Python... R Experience with applied statistics Willingness..."
https://kr.indeed.com/viewjob?jk=8f98e142241884a4,[연구개발 부문] 연구원 (MCU 계측제어설계/머신비전/이미지프로세싱),경기도 광명,,"프로그래밍 가능자 우대S/W 설계 부문 : - OPEN CV, TENSORFLOW, YOLO, CUDA/ Python, C++, C WindowsGUL APL, MFC Lib 활용 가능자. 머신비전/ 영상처리 개발자* 전기..."
https://kr.indeed.com/viewjob?jk=e30fe92d72ceb17c,"자율 주행, 로봇 SW 개발자",성남 수정구,,"(주)에바 모집부문 및 자격요건 모집부문 담당업무 자격요건 인원 자율주행 SW 엔지니어 Python응용SW [담당업무]ROS 개발, 로봇 주행 알고리즘 개발, SW Optimization[근무부서 및 직급/직책]근무부서: 개발팀..."
https://kr.indeed.com/viewjob?jk=9b0b800022f0a931,로직팀 설계인력,서울 서초구,,"경험자ㆍMixed signal design 경험자ㆍscripting language 지식(Perl, Python, TCL, etc)ㆍDynamic control 지식 0 명 근무조건 고용형태: 정규직근무부서: Digital..."
https://kr.indeed.com/viewjob?jk=3c1c5dc51d08cf18,Web / Spring Framework 개발자,서울 금천구,,게임>웹프로그래머>JAVA|인터넷·IT·통신·모바일·게임>웹프로그래머> Python|인터넷·IT·통신·모바일·게임>웹프로그래머>ASP|인터넷·IT·통신... 통신·모바일·게임>응용프로그래머> Python|인터넷·IT·통신·모바일·게임...
https://kr.indeed.com/viewjob?jk=e3e736b46dbb35cd,[하나금융그룹] 빅데이터 분석 모집,인천 청라동,,"모델 개발 [필요역량] ㆍ데이터 분석 능력 중/고급 이상 ㆍ데이터 분석/모델링을 위한 언어 능력 (R, Python 등) 중급 이상 [경력사항] ㆍ박사 : 경력 없어도 지원가능 ㆍ석사 : 경력 5년 이상 ㆍ학사 : 경력 8..."
https://kr.indeed.com/viewjob?jk=b6f149c5d6b60323,"Analyst - Environmental, Social and Governance (12 months co...",서울,,"ESG) Experience and training in data analytics tools like Python, Alteryx, Tableau, Excel or other analytical platforms..."
https://kr.indeed.com/viewjob?jk=05c29a96c53d12ab,"머신러닝, 딥러닝 외 신입/경력 정규직",서울 구로구,,"1) 주요 업무 분야 : 머신 비젼, 영상 처리, 딥러닝 알고리즘 2) 사용 언어 : C, C++, Python 3) TensorFlow, Deep Learning 관련 지식 보유자 우대 4) Vision, Image..."
https://kr.indeed.com/viewjob?jk=b02be4ea99e5903d,[Engineering Div.] Esports Engineer (4년 이상),서울 강남구,,"개발 Python, C#(.NET Core), Javascript, Docker, AWS 이런 경험을 가진 분과 함께 성장하고 싶습니다! Python... 래머> Python|인터넷·IT·통신·모바일·게임>응용프로그래머> Python..."
https://kr.indeed.com/viewjob?jk=67d8fe487c9744cb,[하나금융그룹] 데이터분석 모집,인천 청라동,,시각화 보고서 제작 (Spotfire/ Python/R 등 활용) ㆍ통계적 분석 및 검증 (SAS/ Python/R 등 활용) ㆍ분석결과를 이용한 기획... 원활한 사용 능력 ㆍSAS/ Python/R 원활한 사용 능력 ㆍ팀 단위...
https://kr.indeed.com/viewjob?jk=df21e3bb5d773616,Python Programmer,서울 서초구,,개발 – JAVA 프로그래밍(라이브러리 활용) – Spring 프레임 워크 개발 – Python API 프로그래밍 우대사항 – Python 개발 경험 – Open Source 라이브러리 개발경험 – Web 표준에 대한 경험...
https://kr.indeed.com/viewjob?jk=8e95bd53805e022d,FDS Modeler,서울 강남구,,혁신을 위해 새로운 도전을 함께 할 멋진 동료를 기다립니다. 인터넷·IT·통신·모바일·게임>응용프로그래머> Python|인터넷·IT·통신·모바일·게임>응용프로그래머>JAVA|인터넷·IT·통신·모바일·게임>응용프로그래머>머신러닝...
https://kr.indeed.com/viewjob?jk=5ea9ea023c6ccc03,"S/W 엔지니어, 데이터분석 신입/경력 정규직, 인턴",성남 분당구,,"케이션 제작 및 유지보수 업무- Python, Golang, QT 중 선택... 2. 시스템프로그래머- Python, Golang, QT 중 선택 가능3. 영상데이터 분석 및 모델링- python기반 영상데이터 분석 및 모델링..."
https://kr.indeed.com/viewjob?jk=7c306ad9089e5948,[대기업] 클라우드 서비스 솔루션 개발,서울,,C++|인터넷·IT·통신·모바일·게임>응용프로그래머>클라우드|인터넷·IT·통신·모바일·게임>응용프로그래머> Python|인터넷·IT·통신·모바일·게임>데이터베이스·DBA>데이터베이스개발자|인터넷·IT·통신·모바일·게임>데이터베...
https://kr.indeed.com/viewjob?jk=ae82262549135b20,"Student Researcher Intern, 2022",서울 강남구,,"programming languages, including: C/C++, Java, MATLAB, Go, Python, or similar.Ability to speak and write in English fluently..."
https://kr.indeed.com/viewjob?jk=e1023a432378b023,Software 경력사원 (Cyber Security/기능안전/통신/신호처리/오토사/플랫폼/자동화),서울 강서구,,"개발 필요 역량 및 우대사항 - 칩셋 SW 분석 및 디버깅 경력 - Python, C, C++ 경험 - 통신 표준 기술, Protocol Layer... MATLAB, Simulink, Python) * MBD / AUTOSAR..."
https://kr.indeed.com/viewjob?jk=7a4a03e57d1263a2,기업부설연구소 연구원 경력 정규직,경기도 부천,,인터넷·IT·통신·모바일·게임>응용프로그래머>.NET|인터넷·IT·통신·모바일·게임>응용프로그래머>VB.NET|인터넷·IT·통신·모바일·게임>응용프로그래머>VoIP|인터넷·IT·통신·모바일·게임>응용프로그래머> Python
https://kr.indeed.com/viewjob?jk=8af26b37623864c4,8퍼센트 개발자 (신입/경력),서울 종로구,,개발 금융 데이터 분석과 분석 플랫폼 운영 자격요건 컴퓨터 전공자 또는 웹 개발 경력 1년 이상 우대사항 Python 코드를 무리 없이 읽으실 수 있는 분 Linux/Mac 사용 가능한 분 새로운 기술에 대한 호기심을 가지신...
https://kr.indeed.com/viewjob?jk=e29bd57c416ee579,인재 Pool 등록,대한민국,,"5년 이상 (IT기획, 프로젝트 PM/PL, 개발경력 등) - 자격 : 컴퓨터 언어 활용능력 보유 (JAVA, PYTHON) : 데이터베이스(RDBMS) 활용능력 보유 - 우대사항 : IT 예산(HW,SW,인건비) 수립 경험..."
https://kr.indeed.com/viewjob?jk=a496eb791c052ca8,연구 개발 프로그래머 (키메이커팀),서울 강남구,,이터·AI(인공지능)> Python|인터넷·IT·통신·모바일·게임>응용프로그래머>가상현실(VR)|인터넷·IT·통신·모바일·게임>응용프로그래머>C·C++|인터넷·IT·통신·모바일·게임>응용프로그래머> Python|인터넷·IT·통신...
https://kr.indeed.com/viewjob?jk=872035f47cfd4850,자산운용팀 전략/리스크팀 퀀트(겨울방학 인턴),대한민국,,공자의 경우 관련 과목 12학점 이상 이수 - Microsoft 엑셀 능숙자 선택 사항 (평가 가산점) - Python 또는 VBA 등 코딩 Skill 보유 - 관련 업종에서 2개월 이상 인턴쉽 또는 근무 경력 보유 - 관련...
https://kr.indeed.com/viewjob?jk=3544467a7b64376f,[전문연구요원] 의료영상 리서치 엔지니어 정규직,서울 마포구,,"학력무관직무기술: VISUALC++, 응용프로그래밍, C·C++, Python, AI개발 2 명 근무조건 고용형태: 정규직(수습기간3개월)근무부서... 머신러닝(ML)|인터넷·IT·통신·모바일·게임>응용프로그래머> Python"
https://kr.indeed.com/viewjob?jk=d1d26bc871719fe2,대학생인턴십 2기 모집,서울 영등포구,,"러시아어 회화 가능자 - 통계 프로그래밍(Minitab, SPSS, SAS 등), 프로그래밍언어(R, Python 등) 활용 경험 보유자 - 빅데이터/IT/품질/환경안전 관련 자격증 보유자 - PLC,N/W, 비전, 센터..."
https://kr.indeed.com/viewjob?jk=c80b67aa02a7b226,인공지능연구소 우수인력 초빙 - 연구원 및 연구관리직 -,광주 북구,,"기술 컴퓨터사이언스, 머신러닝, 컴파일러, 자연언어 처리, 네트워킹, 지능형 센서 관련 지식 Python/Java/C++/Web/App/API 프로그래밍, 딥러닝, 자연어처리, TCP/IP 등에 대한 지식 필요기술..."
https://kr.indeed.com/viewjob?jk=e44a6678f361ff46,Machine Learning Consultant (A.I. Marketing Technology),서울,,online A/B testing problem. Fluency with scripting ( Python/etc). Enthusiasm to frame and solve real-world problems...
https://kr.indeed.com/viewjob?jk=d4e40db6e9776da3,[대형증권사] 자산배분전략 수립/모델개발,서울 강남구,,통신·모바일·게임>웹프로그래머>JAVA|인터넷·IT·통신·모바일·게임>웹프로그래머>프론트엔드|인터넷·IT·통신·모바일·게임>웹프로그래머> Python|인터넷·IT·통신·모바일·게임>웹프로그래머>HTML·DHTML·mHTML
https://kr.indeed.com/viewjob?jk=d193999bb6d038d4,Analog Design Engineer,서울,,"Modeling of solutions using tools... Python, Matlab, Simulink, and Spectre AMS... tools... Python, Matlab, Simulink..."
https://kr.indeed.com/viewjob?jk=ce471720880ef5d5,Server Engineer,서울 영등포구,,"대한 지식 및 판단을 토대로 뱅크샐러드 적용 가능성 제시 자격 요건 Golang/Java(Kotlin)/ Python 중 하나 이상을 이용한 서비스 설계 및 개발 경험 보유 CS Fundamental (자료 구조, 운영체제..."
https://kr.indeed.com/viewjob?jk=79fb95da6dff4025,하반기 신입(채용 연계형 인턴) 수시채용,서울 마곡동,,"Python, R, 기타 코딩 능력 보유자 또는 통계 분석에 대한 기초 지식 보유자 중 1개 해당자 우대사항 · 통계 분석에 대한 기초 지식 보유자 · 기초 프로그래밍 코딩 구현 능력 보유자 ( Python or R..."
https://kr.indeed.com/viewjob?jk=5335ea43f5d9d6c0,하드웨어 신입/경력 정규직,대전 유성구,,"회로 설계 경험자° HDL을 이용한 FPGA IP 설계 및 검증 경험자° OrCAD, Matlab, C, Python 툴 경험자° 석/박사 학위 수여자° 방산/보안 계열 개발 유경험자[학력 및 유관전공]° 학력: 대졸(4년제..."
https://kr.indeed.com/viewjob?jk=87309d3ff40ead61,딥러닝 AI 개발 연구원,성남 수정구,,시스템프로그래머>임베디드(Embedded)|인터넷·IT·통신·모바일·게임>응용프로그래머>C·C++|인터넷·IT·통신·모바일·게임>응용프로그래머>Linux|인터넷·IT·통신·모바일·게임>빅데이터·AI(인공지능)> Python
https://kr.indeed.com/viewjob?jk=19da3484bd7a72f1,Machine Learning R&D 연구원,서울 서초구,,"가능) ㆍ최신 딥러닝, 기계학습 이론에 대한 이해 및 구현 역량 ㆍ Python, TnsorFlow, C/C++, TensorRT 등 프로그래밍 실무... 대한 이해 및 구현 역량 ㆍ Python, TnsorFlow, C/C++..."
https://kr.indeed.com/viewjob?jk=54caf3a3d845ffa3,[DI팀] 기계학습 Engineer (개인화 및 추천),서울 강남구,,용프로그래머> Python|인터넷·IT·통신·모바일·게임>응용프로그래머>JAVA|인터넷·IT·통신·모바일·게임>응용프로그래머>머신러닝(ML)|인터넷·IT·통신·모바일·게임>빅데이터·AI(인공지능)> Python|인터넷·IT·통신...
https://kr.indeed.com/viewjob?jk=930fa39d5a70674b,Sr. Solutions Engineer,서울,,"Hadoop, Cassandra, and others. Fluent coding experience in Python or Scala implementing Spark, Java and R is also desirable..."
https://kr.indeed.com/viewjob?jk=64762c9268719c2e,공무(실증플랜트) 신입사원 모집,서울 역삼동,,"기획 • 전공무관 (상경계열 전공 우대) Trading • 전공무관 (상경/화공계열 전공 우대) • Python, VBA 등 코딩 능숙자 우대 재무(회계) • 전공무관 (재무관리/파생상품 관련 전공 우대) 구매..."
https://kr.indeed.com/viewjob?jk=a7eca686000928d5,네이버 파이낸셜 플랫폼 운영,성남 삼평동,,"Docker(kubernetes) 및 어플리케이션 배포 전략 지식 보유 - Shell script, python 및 web framework 등 기타 프로그래밍 언어 활용 가능 - 국가보훈대상자 및 장애인은 법령에 의거..."
https://kr.indeed.com/viewjob?jk=4da7ed242ef8c1b9,[LX세미콘] 연계형 학사 신입 인턴십 수시,대전 유성구,,론트엔드|인터넷·IT·통신·모바일·게임>응용프로그래머>C·C++|인터넷·IT·통신·모바일·게임>응용프로그래머> Python|경영·인사·총무·사무>경영·기획·전략>전략기획|경영·인사·총무·사무>경영·기획·전략>경영기획|경영·인사...
https://kr.indeed.com/viewjob?jk=9f0ce22eee4259bb,"교육 기획/운영, 시스템 기획",서울 성동구,,"Science, Data Science, AI, Algorithm, Python 등... 데이터 분석, 인공지능, 프로그래밍 언어) 교육에 관심... AI, Algorithm, Python 등)• IT(데이터 분석, 인공지능..."
https://kr.indeed.com/viewjob?jk=d5135980c5cda18d,시스템 운영(SE),성남 분당구,,"등 클라우드 시스템 구축 및 운영 경험자 우대사항■ 쉘 스크립트 언어 (Bash, PowerShell, Python 등) 사용 가능자■ Jenkins, Terraform 등 CI툴 구축/운영 경험■ 게임 서비스 운영 경험자..."
https://kr.indeed.com/viewjob?jk=2def13162713a6e8,"[신입 또는 경력]Alteryx 활용한 빅데이터 분석 및 머신러닝, Tableau 시각화 분석",서울 영등포구,,"각화 분석 및 대시보드 개발R, Python 활용 [근무시간 및 형태] 주... 인채용희망여부] 비희망 [병역특례] - 비희망 [기타 희망내용] R, Python 가능자 우대Tableau, Power BI, Qlik Sense 등..."
https://kr.indeed.com/viewjob?jk=58a835a5987073cf,고객기획 경력 모집,서울 회현동,,"분석 관련 전공이신 분 - 자동화 마케팅 구축 및 솔루션 활용 경력을 보유하신 분 - 데이터 분석 툴(R, Python 등) 활용 가능 경혐을 보유하신 분 0명 솔루션운영 [주요 업무내용] 1. 팀 내 마케팅 솔루션..."
https://kr.indeed.com/viewjob?jk=46253fd5b203d931,"[로봇개발본부(판교근무)] 각 분야별 (백엔드, WEB APP 개발, APP 개발)",성남 분당구,,게임>웹프로그래머>웹개발|인터넷·IT·통신·모바일·게임>웹프로그래머> Python|인터넷·IT·통신·모바일·게임>웹프로그래머>JAVA|인터넷·IT·통신... 통신·모바일·게임>응용프로그래머> Python|인터넷·IT·통신·모바일·게임...
https://kr.indeed.com/viewjob?jk=e658236007117d98,Junior Business Analyst (Non-tech),서울,,"의와 체계적 사고체계를 갖추신 분 [우대 조건] 이커머스, 리테일, 물류 관련 도메인 경험을 보유하신 분 Python, R 등 기타 프로그램 언어 사용 경험을 보유하신 분 한국어 및 영어 모두 능숙한 커뮤니케이션이 가능하..."
https://kr.indeed.com/viewjob?jk=ccd4f5407a32ba6a,Data Scientist,서울,,"analysis a plus, Programming... scripting exp.: eg. Python, C#, VBA, Java, Perl, etc. Experience in applied analytics..."
https://kr.indeed.com/viewjob?jk=0399dadecd8188b8,4. 인프라개발팀 백엔드 개발자,성남 분당구,,인터넷·IT·통신·모바일·게임>웹프로그래머> Python|인터넷·IT·통신·모바일·게임>ERP·시스템분석·설계>AWS|인터넷·IT·통신·모바일·게임>응용프로그래머> Python|인터넷·IT·통신·모바일·게임>응용프로그래머...
https://kr.indeed.com/viewjob?jk=c3f824621815cebe,내비게이션 SW 품질 부문 경력,서울 강남구,,모바일·게임>컨텐츠·사이트운영>웹사이트운영·테스터|인터넷·IT·통신·모바일·게임>빅데이터·AI(인공지능)> Python|인터넷·IT·통신·모바일·게임>웹기획·웹마케팅·PM>통계·로그분석|생산·정비·기능·노무>품질관리>품질보증...
https://kr.indeed.com/viewjob?jk=f8bfec7bfbdffd0a,애플리케이션 개발자&컨설턴트 정규직,서울 강남구,,"Platform 컨설팅> JAVA/ Python/JScript 등의 개발... 경력(연차무관)학력사항: 대학(2,3년)졸업 이상직무기술: java, Python, javascript기타: > Basic SQL, HTML, CSS..."
https://kr.indeed.com/viewjob?jk=7b091681f7106dcd,Head of Technical Writing,서울,,"following languages; Objective-C, Java, Swift, JavaScript, and Python ABOUT SENDBIRD Sendbird... world's leading chat..."
https://kr.indeed.com/viewjob?jk=919f3e5da2efbc55,머신러닝/딥러닝 모델 기반 음성인식 서비스 백엔드 개발자,서울 구로구,,통신·모바일·게임>웹프로그래머> Python|인터넷·IT·통신·모바일·게임... 공지능)> Python|인터넷·IT·통신·모바일·게임>빅데이터·AI(인공지능)>인공지능(AI)|인터넷·IT·통신·모바일·게임>응용프로그래머> Python
https://kr.indeed.com/viewjob?jk=54c64652d3d0b700,Server Developer (Machine Learning),서울 강남구,,통신·모바일·게임>빅데이터·AI(인공지능)> Python|인터넷·IT·통신·모바일·게임>응용프로그래머>머신러닝(ML)|인터넷·IT·통신·모바일·게임>응용프로그래머> Python|인터넷·IT·통신·모바일·게임>통신·모바일>플랫폼(VM)
https://kr.indeed.com/viewjob?jk=2e471d0cf19be66c,Coupang Business Analyst (Non Tech),서울,,"단력으로 멀티태스킹이 가능하신 분 *우대 조건 이커머스또는 인터넷 서비스 업계 근무 경력을 보유하신 분 Python, R 등기타 Programming language 사용 경력을 보유하신 분 한국어, 영어모두 능숙한 커뮤..."
https://kr.indeed.com/viewjob?jk=71c47ac87bb4087e,기술 인턴 인공지능 응용 연구/개발 인턴,서울 관악구,,"6개월) (협의) *모집 절차: 서류 à인터뷰(오프라인) *지원 자격: 프로그래밍 언어 활용 능력: Python, C, C++ 중 1가지 이상 데이터구조, 알고리즘 과목 이수 머신러닝과 딥러닝의 기본 개념 이해 머신러닝..."
https://kr.indeed.com/viewjob?jk=941687b6bbb14d81,웹 개발자 경력 Java/Php/Javascript/Python/Html/CSS 등 프로젝트 경력자,대전 서구,,"(주)바이오브레인 웹 개발자 경력 채용 모집부문 및 자격요건 담당업무 자격요건 인원 [담당업무] ㆍ웹 기반 프로젝트 개발 및 운영 [근무부서 및 직급/직책] 직급/직책: 대리 [자격요건] ㆍJava, Php..."
https://kr.indeed.com/viewjob?jk=d048ae09bb3258fc,[NAVER Z] 데이터 엔지니어,성남 분당구,,"서비스 API 개발 및 운영자격요건 및 필요역량- 관련 분야 개발 경력 3년 이상- Scala/Java/ Python, Spark, Kafka(Stream) 기반 빅 데이터 처리 경험이 있으신 분- 빅데이터 엔지니어링 도구에..."
https://kr.indeed.com/viewjob?jk=3617e30a1af44426,[NHN SOFT] Back-End 경력 개발자,성남 분당구,,통신·모바일·게임>웹프로그래머> Python|인터넷·IT·통신·모바일·게임... 로그래머>증강현실(AR)|인터넷·IT·통신·모바일·게임>응용프로그래머> Python|인터넷·IT·통신·모바일·게임>응용프로그래머>머신러닝(ML)|인터넷...
https://kr.indeed.com/viewjob?jk=e0bef9a946163b69,Hive 게임 지표·분석 시스템 웹/서버 개발자(경력),서울 금천구,,모바일·게임>응용프로그래머> Python|인터넷·IT·통신·모바일·게임>웹프로그래머>JAVA|인터넷·IT·통신·모바일·게임>웹프로그래머>웹개발|인터넷·IT·통신·모바일·게임>웹프로그래머> Python|인터넷·IT·통신·모바일...
https://kr.indeed.com/viewjob?jk=cda0aa8499766eeb,데이터 엔지니어,서울,,"에서의 데이터 파이프라인 구축 및 운영 경험 GA, Tableau 등 외부 분석/시각화 도구에 대한 지식 Python, Java, Scala 중 하나 이상을 이용한 개발 경험 추가 정보 지원 서류 안내 제출서류 : 이력..."
https://kr.indeed.com/viewjob?jk=2b9e604e63e7e46d,[카카오커머스] 기술직군,성남 분당구,,"우대사항 - 전자금융 감독규정, PCIDSS에 대한 실무 경험이나 이해도가 높으신 분 - JAVA, Python, shell script 등 개발 역량을 갖추신 분 - 웹/앱 취약점 진단 및 모의해킹 역량을 갖추신..."
https://kr.indeed.com/viewjob?jk=df228c302c3c8f9b,서버개발자(벡앤드) 정규직,서울 강남구,,시스템 개발 [자격요건]• 경력사항: 경력(3년 이상 7년 이하)• 학력사항: 학력무관• 중상급 이상의 Python 또는 JavaScript 언어 활용 가능자• Django 또는 Node.js rest framework에...
https://kr.indeed.com/viewjob?jk=69a5690f8a4ca470,Software Engineer (소프트웨어 개발자),성남 분당구,,"대졸 이상2. C/C++, C#, Python 등의 언어로 소프트웨어 개발... 용프로그래머>C·C++|인터넷·IT·통신·모바일·게임>응용프로그래머> Python|인터넷·IT·통신·모바일·게임>전산·IT기술지원>S/W 엔지니어|인터..."
https://kr.indeed.com/viewjob?jk=2d1f6a69b3b4a0bf,Data Lab 경력채용,인천 가좌동,,"사이트 도출 - 통계학 및 기계학습에 대한 이해가 있는 분 - 데이터 분석 업무를 위한 프로그래밍 언어 Python 및 R, SQL 등 사용 가능자 - Hive, Impala, Spark 등 빅데이터 분석 플랫폼 활용 가능..."
https://kr.indeed.com/viewjob?jk=3c2bf0ec25a85c9f,"Senior Analyst - Data Science, Marketing & Sales",서울,,mathematics) 4+ years of experience working with SQL and Python or R programming Ability to manage and query large databases...
https://kr.indeed.com/viewjob?jk=39d930f25b6d9e8e,AI Scientist (NL Reasoning),서울 중구,,"taxonomies, and semantic networks * Knowledge of Python, Lisp, or another scripting language * Expertise in general..."
https://kr.indeed.com/viewjob?jk=c8f4783faff92438,[㈜삼표]Digital Innovation부문 모집,서울 수송동,,"개발 [] ㆍ대졸 / 컴퓨터공학 석사 ㆍ오픈소스 머신러닝/딥러닝 빅데이터 분석 소프트웨어 지식보유자 ㆍ Python, Delphi 등 프로그래밍 언어 사용 가능자 ㆍMSSQL, MYSQL 등 관계형 Database 사용가..."
https://kr.indeed.com/viewjob?jk=bd7907d1248e436d,[AI/LAB] 머신러닝 리서치 엔지니어 (전문연구요원 가능),서울,,찾습니다 논문을 빠르고 정확하게 이해하고 구현할 수 있으신 분 최신 딥러닝 기술 동향을 파악하고 계신 분 Python 사용 능력이 능숙하신 분 ※ 참고사항 : 해당 직군은 상세 경력기술서 제출이 필수입니다. 이런 분은 더욱...
https://kr.indeed.com/viewjob?jk=192c20f6f0f64ab3,[2022 전문연구요원] AI R&D - Language AI,성남 판교역,,"기술을 서비스에 적용하기 위한 MLOps 플랫폼을 개발합니다. 지원자격 학력 : 석사 이상 필수조건 - Python, Java등 한 가지 이상의 컴퓨터 프로그래밍 언어를 활용할 수 있으신 분 - 머신러닝/딥러닝 기술에 대한..."
https://kr.indeed.com/viewjob?jk=5e1b135a8fc60446,기업용 백엔드 솔루션 개발,서울,,"록체인 솔루션 연구 및 개발 • 요구조건 - 대리 ~ 과장급 - 개발업무 경력 3~10년 - Java, Python을 이용한 백엔드 시스템 개발 업무 경험 - 오픈소스 기반 개발 업무 경험 - 풀스택 개발 역량 보유자 우대..."
https://kr.indeed.com/viewjob?jk=62d77051fa88c8d2,Plant Purchasing (양산 구매),경기도 이천,,"office 활용 능력최신 정보 분석 도구 활용 능력 우대 (KNIME, Power BI, UiPath, Python, RPA 등 경영·인사·총무·사무>구매·자재>외자구매|경영·인사·총무·사무>구매·자재>자재구매|경영·인사..."
https://kr.indeed.com/viewjob?jk=515eb735b05fae41,[경영진단실] Sr. Business Assessment Specialist (5년 이상),서울 강남구,,"CISSP 자격증 보유하고 내부감사에 관심이 있으신 분정보 보안 리스크 등에 대한 지식을 깊이 있게 보유한 분 Python, Powershell 등의 스크립팅 언어 사용/개발 능력이 있으신 분REST API에 대한 이해와 사용..."
https://kr.indeed.com/viewjob?jk=14d562d10c215572,"PHP, Python 신입/경력 정규직",서울 금천구,,"주식회사 비즈부스터 PHP, Python 개발자 채용 모집부문 및 자격요건 담당업무 자격요건 인원 [담당업무]*당사의 서비스(비즈탑) 솔루션 및 서비... 프로그래머>PHP |인터넷·IT·통신·모바일·게임>웹프로그래머> Python"
https://kr.indeed.com/viewjob?jk=050e9ec2f8975950,"Staff, Data Analyst (ROD)",서울,,"Key Responsibilities: Utilize code ( Python, R, SQL etc... extracting, analyzing... package... R or Python Experience..."
https://kr.indeed.com/viewjob?jk=0cd93462ed705152,[LX세미콘] R&D 연계형 석사 신입 인턴십 수시,대전 유성구,,기계·기술·화학·연구개발>연구원·연구개발>반도체·디스플레이|인터넷·IT·통신·모바일·게임>응용프로그래머>C·C++|인터넷·IT·통신·모바일·게임>응용프로그래머> Python|전자·기계·기술·화학·연구개발>전자·반도체>반도체
https://kr.indeed.com/viewjob?jk=019b28cc5f5e508c,2022 R&D 신입사원,경기도 파주,,"보유자 (Business) - 광학 Simulation Tool 유경험자 - 프로그래밍 (LabView, Python 등) 역량 우수자 - Data Tool 역량 우수자 담당업무 - 직무소개서 참고 필수조건 - 이공계 전공..."
https://kr.indeed.com/viewjob?jk=6dd48f3771d01215,"Student Researcher Intern, 2022",서울,,"programming languages, including: C/C++, Java, MATLAB, Go, Python, or similar. Ability to speak and write in English fluently..."
https://kr.indeed.com/viewjob?jk=1015284880e2ff62,라인프렌즈 2022년 각 부문 수시,서울 용산구,,통신·모바일·게임>웹프로그래머> Python|인터넷·IT·통신·모바일·게임... 자바스크립트|인터넷·IT·통신·모바일·게임>빅데이터·AI(인공지능)> Python|마케팅·광고·홍보·조사>마케팅>마케팅기획|마케팅·광고·홍보·조사>마케...
https://kr.indeed.com/viewjob?jk=cda94f202f9ca369,슈어소프트테크(주) 2022년 상반기 경력직 대규모,서울 강남구,,통신·모바일·게임>웹프로그래머> Python|인터넷·IT·통신·모바일·게임... 용프로그래머>자바스크립트|인터넷·IT·통신·모바일·게임>응용프로그래머> Python|인터넷·IT·통신·모바일·게임>응용프로그래머>가상현실(VR)|인터넷...
https://kr.indeed.com/viewjob?jk=72444e8aa4a2dfd3,Korean & English Tutor - Python+Scratch,대한민국,,"you’re an expert Python programmer... least one... languages: Python, Scratch *You have studied coding..."
https://kr.indeed.com/viewjob?jk=2285f9d0415cc802,[연구비 지원사업/참여 연구팀 ] 2022년 대학원생 공학연구팀제 지원사업,서울 강남구,,통신·모바일·게임>웹프로그래머> Python|인터넷·IT·통신·모바일·게임... 로그래머>인공지능(AI)|인터넷·IT·통신·모바일·게임>응용프로그래머> Python|인터넷·IT·통신·모바일·게임>응용프로그래머>증강현실(AR)|인터넷...
https://kr.indeed.com/viewjob?jk=77b3e91b54377a1f,2022년 한국필립모리스(주) 각 부문,서울 영등포구,,통신·모바일·게임>웹프로그래머> Python|인터넷·IT·통신·모바일·게임... 용프로그래머>자바스크립트|인터넷·IT·통신·모바일·게임>응용프로그래머> Python|인터넷·IT·통신·모바일·게임>시스템프로그래머>펌웨어·어셈블러|인터...
https://kr.indeed.com/viewjob?jk=6d86e9f32d31c84f,Data 분야 경력,서울,,"해가 뛰어난 자 - R, Python, SAS, SQL 등 활용 역량 우대사항(해당 내용 중 1개 이상) - ML/DL 경험 인력 우대 - 관련 분야 석사 이상 학위 소지자 우대 - R, Python등 데이터분석 모델링 경험..."
https://kr.indeed.com/viewjob?jk=6d389529bece608b,자동차 전장 Security 분야 전문가,서울 강서구,,식에 대한 이해 - Linux 사용 경험 보유 (1년 이상) - Shell Scripting 제작 또는 Python Programming 경험 2. 우대사항 - SDL (Security Development Lifecycle...
https://kr.indeed.com/viewjob?jk=397a412559c606fa,"Charging Operations Specialist, APAC Charging (English Speak...",서울,,"Data science experience including coding/scripting skills ( Python/Ruby/JS/Perl... plus. Collaborative, team oriented..."
https://kr.indeed.com/viewjob?jk=666b37a4c473b4a0,2022년 상반기 제주은행 신입행원/경력직,제주도,,통신·모바일·게임>빅데이터·AI(인공지능)>머신러닝|인터넷·IT·통신·모바일·게임>빅데이터·AI(인공지능)> Python|인터넷·IT·통신·모바일·게임>빅데이터·AI(인공지능)>딥러닝|인터넷·IT·통신·모바일·게임>빅데이터...
https://kr.indeed.com/viewjob?jk=f6d738766875bdb1,JUNIOR VIDEO ENGINEER,서울,,"skill level with Python, Django, and REST... Stack Python / Django PostgreSQL AWS Batch, AWS S3 Kubernetes 우대사항 Python, Django..."
https://kr.indeed.com/viewjob?jk=4cc952ac5075ef29,2022년 상반기 GS EPS 신입/경력 수시,서울,,재료>제어|인터넷·IT·통신·모바일·게임>웹프로그래머>웹개발|인터넷·IT·통신·모바일·게임>웹프로그래머> Python|인터넷·IT·통신·모바일·게임>응용프로그래머>머신러닝(ML)|인터넷·IT·통신·모바일·게임>응용프로그래머...
https://kr.indeed.com/viewjob?jk=67c19d7ac0857ecd,빅데이터 분야,서울,,"데이터 분석 모형 개발 ① R, Python, SQL 등 데이터 분석 도구... 분석 관련 자격 보유(빅데이터분석기사, ADsP, ADP 등) - R/ Python/SQL 등을 사용하여 데이터를 핸들링하고 대규모 데이터 셋에서 분석..."
https://kr.indeed.com/viewjob?jk=d08809180d5c7a39,스마트팩토리/MES 부문 경력,서울 강남구,,C#|인터넷·IT·통신·모바일·게임>응용프로그래머>JAVA|인터넷·IT·통신·모바일·게임>응용프로그래머> Python|인터넷·IT·통신·모바일·게임>통신·모바일>플랫폼(VM)|인터넷·IT·통신·모바일·게임>통신·모바일>서비스기...
https://kr.indeed.com/viewjob?jk=7c56f82efdb1b883,'22년 상반기 경력사원 채용,서울,,"자격요건 - 공학계열(컴퓨터공학, 전기, 전자) 전공 학사 이상 - 앱/웹 서비스 기획 2년 이상 보유 - PYTHON, SQL 등을 활용한 데이터기반 분석 경험 우대 0명 판교 한화인 1:1 문의하기 자동선반 국내영업 담당..."
https://kr.indeed.com/viewjob?jk=aac8e9355cb855ac,[인재풀] 아티스트 ART,서울,,Maya or 3D Max등의 아트웍 툴 사용 경험 Max script 또는 Mel Script의 사용 경험 C# 또는 Python 언어에 대한 이해 및 활용 능력 아트웍 관련 툴 제작 또는 플러그인 제작 경험
https://kr.indeed.com/viewjob?jk=51df90967b46e8f0,[외국계 스타트업 미소] Business Analyst,서울,,통신·모바일·게임>빅데이터·AI(인공지능)>데이터분석|인터넷·IT·통신·모바일·게임>빅데이터·AI(인공지능)> Python|인터넷·IT·통신·모바일·게임>데이터베이스·DBA>MySQL|인터넷·IT·통신·모바일·게임>데이터베이스...
https://kr.indeed.com/viewjob?jk=abdc136f65ceddd4,AI 분야,서울,,"무를 경험하면서 조직과 함께 성장하고 싶으신 마인드를 보유하신 분 - Python 및 PyTorch, Tensorflow 등과 같은 딥러닝 프레임워크... 경력자 가능 - C/C++, Python, 딥러닝 프레임워크(PyTorch..."
https://kr.indeed.com/viewjob?jk=cf6eec845950e28b,[TmaxAI/R&D] NLP(자연어/문서/음성)부문 개발자,성남 분당구,,"DB 개발 경험이 있으신 분 [음성, 자연어처리] -관련 분야의 연구 경험 / 기본 지식 보유자 -기본적인 Python 프로그래밍이 가능하신 분 우대사항 [리더급] -전반적으로 인공지능 자연어/문서처리 기술에 대한 이해가..."
https://kr.indeed.com/viewjob?jk=754be9e3d78fa802,2021년 상반기 R&D 개발자 (병역특례 가능/경력 무관),인천 연수구,,"담당업무: - 블루투스 메시 기반 위치 추적 솔루션 개발 - 상기 솔루션의 임베디드 펌웨어 개발 - C(필수), Python, Javascript 프로그래밍 언어 사용 - 기술 지원 [자격요건] 경력사항: 무관 (신입도 지원..."
https://kr.indeed.com/viewjob?jk=899324b336ff680e,Data Engineer,서울 영등포구,,"S3, AWS Glue, Spark, Airflow 기반의 Data Lake 플랫폼 운영 자격 요건 Python 또는 JVM 기반 언어(Java, Scala) 중 하나 이상을 능숙히 사용 자료 구조, 알고리즘, 데이터베이스..."
https://kr.indeed.com/viewjob?jk=f80e3683e51edd56,펌웨어&어플리케이션 S/W 경력자 정규직,인천,,"자격요건]- 경력사항: 경력 (5년 이상 )- 학력사항: 초대졸 이상- 필요역량 1) C, C#, C++, Python 언어 코딩 능력 보유 2) Open Source 분석 능력 보유 , API 개발 경험 3) 통신 (TCP..."
https://kr.indeed.com/viewjob?jk=0b005509f403b27a,데이터분석가 - Global Leading Consulting Firm,서울,,모바일·게임>빅데이터·AI(인공지능)>데이터분석|인터넷·IT·통신·모바일·게임>빅데이터·AI(인공지능)> Python|인터넷·IT·통신·모바일·게임>빅데이터·AI(인공지능)>인공지능(AI)|마케팅·광고·홍보·조사>조사·분석...
https://kr.indeed.com/viewjob?jk=35aaf18d4b4cfafe,Student Training in Engineering Program (STEP) 2022,대한민국,,"Science or a related field. Programming experience in Java, Python, C... C++. Ability to complete a 10-12 week program..."
https://kr.indeed.com/viewjob?jk=f7cfe0cad1c284d0,ML Engineer,서울 강남구,,게임>빅데이터·AI(인공지능)>머신러닝|인터넷·IT·통신·모바일·게임>빅데이터·AI(인공지능)> Python|인터넷·IT·통신·모바일·게임>응용프로그래머>머신러닝(ML)|인터넷·IT·통신·모바일·게임>응용프로그래머> Python
https://kr.indeed.com/viewjob?jk=e55c3c80579b6806,Industry Process Consultant - BIOVIA (화학/분자모델링 분야 소프트웨어 기술영업...,서울,,"skills. Experience... use of scripting languages (Perl, Python... desirable... experience with software packages..."
https://kr.indeed.com/viewjob?jk=2016f4a8cff7c186,IT 직무 채용,인천 가좌동,,"영업, 물류, 스마트팩토리 등의 기업 내 데이터 분석 및 비즈니스 인사이트 도출 - 경력 3년~8년 - Python, R, SQL 등을 활용한 데이터 분석 가능자 - Hive, Impala, Spark 등 빅데이터 분석..."
https://kr.indeed.com/viewjob?jk=246df17cfbfbf3b9,Cloud Engineer,서울,,"developing in one or more programming languages, e.g. Python, Java, JavaScript/Vue.js, etc. * Experienced in Cloud platform..."
https://kr.indeed.com/viewjob?jk=e00d3977d633da67,[쿠키런: 오븐브레이크] 데이터 분석가 (경력),서울 강남구,,통신·모바일·게임>ERP·시스템분석·설계>데이터분석|인터넷·IT·통신·모바일·게임>응용프로그래머> Python|인터넷·IT·통신·모바일·게임>웹프로그래머> Python|인터넷·IT·통신·모바일·게임>데이터베이스·DBA>SQL
https://kr.indeed.com/viewjob?jk=1feff7ae08664e44,머신러닝-딥러닝 공공데이터 분석전문가 교육생,서울 종로구,,게임>웹프로그래머>웹개발|인터넷·IT·통신·모바일·게임>웹프로그래머> Python|인터넷·IT·통신·모바일·게임>네트워크·서버·보안>시스템·네트워크보안... 게임>빅데이터·AI(인공지능)> Python|인터넷·IT·통신·모바일·게임...
https://kr.indeed.com/viewjob?jk=4a5738febf355646,"[한국축산데이터] 백엔드 개발자, 프론트엔드 개발자, 엔지니어, AI연구원 (신입/경력)",서울 강남구,,개발자 (Spring)백엔드 개발자( Python)백엔드 개발자(NestJS... 당업무]- 농장 전산 관리 프로덕트 (팜스플랜 매니저) 백엔드 개발 ( Python)[담당업무]- 가축 헬스케어 프로덕트 (팜스플랜) 백엔드 개발 인터...
https://kr.indeed.com/viewjob?jk=e7c8c2b11f24fb43,Software Engineer,서울,,"languages, including... limited to: C++, Java, C and Python. Excellent written and verbal communication skills. About..."
https://kr.indeed.com/viewjob?jk=538ad6a161707b62,경력 파이썬 개발자 - Senior Python Developer,대한민국,,knowledge of Python... least one... know your story. IT # 아이티 Senior Python Developer # 경력 파이썬 개발자 Backend API #...
https://kr.indeed.com/viewjob?jk=abd402d5bde5914f,[TmaxOS/R&D] OS부문 개발자,성남 분당구,,CD 개발 운영 [주 사용 언어] - C/C++ - JavaScript/TypeScript - Java - Python 자격요건 - 4년제 대졸(학사) 이상 / 기졸업자 또는 22년 8월 졸업 예정자 - 컴퓨터 및 전산관련...
https://kr.indeed.com/viewjob?jk=a80570f1dd7b4b71,[nasmedia] 2022년 nasmedia 연계형 인턴 (상반기),서울 강남구,,운영|인터넷·IT·통신·모바일·게임>웹기획·웹마케팅·PM>웹서비스기획|인터넷·IT·통신·모바일·게임>응용프로그래머> Python|인터넷·IT·통신·모바일·게임>응용프로그래머>JAVA|인터넷·IT·통신·모바일·게임>응용프로그래머...
https://kr.indeed.com/viewjob?jk=f1d5989245c8a320,Korea - Member Growth Insights Manager,서울,,"preferably competent with statistical packages... R, Python, SPSS, SAS, etc., as well as experience with statistical..."
https://kr.indeed.com/viewjob?jk=0ee8d206258d4cbf,소프트웨어 개발,서울 광진구,,"Detection 관련 AI 기술 기반 시스템 개발 ㆍ수집 및 가공 데이터의 효율적 관리 필수요건 ㆍC++, Python 중 하나 이상 사용 가능한 자 ㆍ영상처리, Vision 관련 머신 러닝, 딥러닝 기술경험자 학력 4..."
https://kr.indeed.com/viewjob?jk=b2eb1fe78ff9ee5f,[대기업] 데이터분석가 경력 (대리~과장급 2명),서울,,"경력5년 이상-통계분석과 Machine Learning알고리즘에 대한 기본지식 보유-SQL, SAS, R, Python 중2개 이상의 분석도구에 대한 기본 이해-현상에 대한 문제인식과 적극적인 문제해결의지-통계적 수치에 대한..."
https://kr.indeed.com/viewjob?jk=cc7b52117054782e,웹보드(고스톱/포커)게임FDS 데이터 분석 전문가 (신입),대한민국,,"색과 인사이트 도출이 가능한 분 - 합리적인 커뮤니케이션을 통해 원활한 협업이 가능한 분 우대사항 - python, sql 등을 통한 데이터 분석 경험이 있는 분 - 데이터 분석을 전공하신 분 모집기간 채용시 마감..."
https://kr.indeed.com/viewjob?jk=22ffe020e40de675,[포티투마루] 인공지능(AI) 개발자 전 부문,서울 서초구,,인터넷·IT·통신·모바일·게임>빅데이터·AI(인공지능)> Python|인터넷·IT·통신·모바일·게임>빅데이터·AI(인공지능)>머신러닝|인터넷·IT·통신·모바일·게임>빅데이터·AI(인공지능)>딥러닝|인터넷·IT·통신·모바일·게임...
https://kr.indeed.com/viewjob?jk=b515669e8032265b,[kt ds] 2022년 각 부문별 경력사원 수시,서울 서초구,,JAVA|인터넷·IT·통신·모바일·게임>응용프로그래머>C·C++|인터넷·IT·통신·모바일·게임>응용프로그래머> Python|인터넷·IT·통신·모바일·게임>응용프로그래머>자바스크립트|인터넷·IT·통신·모바일·게임>응용프로그래머...
https://kr.indeed.com/viewjob?jk=358f413532f53323,[국비무료]2022년도 상반기 교육 훈련생,서울 동대문구,,통신·모바일·게임>빅데이터·AI(인공지능)>데이터분석|인터넷·IT·통신·모바일·게임>빅데이터·AI(인공지능)> Python|인터넷·IT·통신·모바일·게임>빅데이터·AI(인공지능)>머신러닝|인터넷·IT·통신·모바일·게임>빅데이터...
https://kr.indeed.com/viewjob?jk=f42242989b39b5e1,자동차 전장 ADAS SW 분야 전문가,서울 강서구,,multi-view geometry - 중급 이상 C/C++/ Python 개발 및 computer vision관련 tool 활용 가능... 트롤 - 중급 이상 C/C++/ Python/MATLAB 및 computer...
https://kr.indeed.com/viewjob?jk=5ab0b45dfa93411b,Data Engineer 신입사원,서울 강남구,,"분류, 개인정보 비식별화, 불량 코퍼스 필터링 등 다양한 ML 프로젝트 (예정)[자격요건]- Julia / Python / R 중에서 자신 있는 프로그래밍 언어가 있는 분- 하나의 데이터도 놓치지 않고 꼼꼼하게 관리할 수..."
https://kr.indeed.com/viewjob?jk=c35e9b72a11aa338,[신입/경력] 의료영상/음성인식/생체신호 연구원,서울 서초구,,게임>빅데이터·AI(인공지능)>인공지능(AI)|인터넷·IT·통신·모바일·게임>빅데이터·AI(인공지능)>딥러닝|인터넷·IT·통신·모바일·게임>응용프로그래머>C·C++|인터넷·IT·통신·모바일·게임>응용프로그래머> Python
https://kr.indeed.com/viewjob?jk=e9488a828bb2c806,Data Engineer,서울 강남구,,다립니다. 인터넷·IT·통신·모바일·게임>응용프로그래머>JAVA|인터넷·IT·통신·모바일·게임>응용프로그래머> Python|인터넷·IT·통신·모바일·게임>빅데이터·AI(인공지능)>데이터분석|인터넷·IT·통신·모바일·게임>ERP...
https://kr.indeed.com/viewjob?jk=49f11dfd7627efa4,Data Analyst,서울 영등포구,,"가지신 분 Business Intelligence 시스템 및 비즈니스 리포팅 툴의 활용 능력 프로그래밍 언어( Python/R, etc)를 활용하여 데이터 분석이 가능하신 분 더 나은 데이터 기반 서비스를 만들기 위해 동료들과..."
https://kr.indeed.com/viewjob?jk=25c28b09ebe4ed0f,11번가 클라우드 엔지니어,서울 중구,,"Kubenetes, Python담당 직무11번가 Infra 조직은 현재... Kubernetes 및 Docker을 이용한 시스템 구축 경험이 있으신 분 Python, Shell, Java 등의 언어를 사용하여 운영 관리 도구를..."
https://kr.indeed.com/viewjob?jk=40de6a4b81f8724f,[전문연구요원 신규편입/전직] 의료영상/음성인식/생체신호 연구원,서울 서초구,,인공지능)>텍스트마이닝|인터넷·IT·통신·모바일·게임>빅데이터·AI(인공지능)>인공지능(AI)|인터넷·IT·통신·모바일·게임>빅데이터·AI(인공지능)> Python|인터넷·IT·통신·모바일·게임>빅데이터·AI(인공지능)>딥러닝
https://kr.indeed.com/viewjob?jk=e11919aa1a40d234,Software Intern,서울,,"good communication skills Good Programming Skills in C#, C, Python Understanding of attached peripherals (I2C, SPI) Basic..."
https://kr.indeed.com/viewjob?jk=ac64fda2e281b835,"Software Engineer, People with Disabilities (장애인 채용)",서울,,"languages, including... limited to: C++, Java, C and Python. Experience in a variety of projects utilizing natural..."
https://kr.indeed.com/viewjob?jk=4eed779dff2b9695,Data Architect,서울,,"multiple platforms Programming languages, especially Python and Java, as well as C/C++ and node.js Operating systems..."
https://kr.indeed.com/viewjob?jk=b02ac4c4261e0dd7,"Technical Solutions Manager, gTech Customer Experience",서울,,"one or more... following languages: Java, C++, or Python. Ability to speak and write in English and Korean fluently..."
https://kr.indeed.com/viewjob?jk=f0fa048255eee14e,"인공지능(AI), 머신러닝(ML) 외 경력 정규직",서울 영등포구,,모바일·게임>응용프로그래머>인공지능(AI)|인터넷·IT·통신·모바일·게임>응용프로그래머>머신러닝(ML)|인터넷·IT·통신·모바일·게임>응용프로그래머> Python|인터넷·IT·통신·모바일·게임>소프트웨어·하드웨어>소프트웨어
https://kr.indeed.com/viewjob?jk=444bd32c9e95004a,[대형증권사] IT퀀트 개발자,서울 강남구,,"로세스에 대한 이해학력사항: 대학교(4년)졸업 - 이공계 전공, C#, Python,JavaScript,SQL 사용 가능 우대 0 명 근무조건 고용형태... 통신·모바일·게임>웹프로그래머> Python|인터넷·IT·통신·모바일·게임..."
https://kr.indeed.com/viewjob?jk=d750b32e62ec3cb6,[무료교육/연계] 2022년 K-Digital 보안 전문가 과정 SK쉴더스 루키스 7기,경기도,,통신·모바일·게임>빅데이터·AI(인공지능)>데이터분석|인터넷·IT·통신·모바일·게임>빅데이터·AI(인공지능)> Python|인터넷·IT·통신·모바일·게임>빅데이터·AI(인공지능)>머신러닝|인터넷·IT·통신·모바일·게임>빅데이터...
https://kr.indeed.com/viewjob?jk=f51f4ef1a9277d5c,(투자부문) 투자사업팀 자산배분 직무 경력채용,서울,,"자산배분 혹은 리서치) 유경험자 : 금융시장 분석에 필요한 Tool 활용 가능자 우대(VBA, MATLAB, Python, R 등) - 자격증 및 기타 : 금융관련 자격 (CFA 등) 보유자 우대 : 외국어 능통자 우대 0명..."
https://kr.indeed.com/viewjob?jk=b04ed26e02c30d00,P2E 게임 블록체인 백엔드 개발자 (경력),대한민국,,"적용 자격요건 - 2년 이상의 백엔드 서비스 개발 경험이 있으신 분 - Java, Javascript, Python 등 하나 이상에 대한 프로그래밍 언어 경험이 있으신 분 - Spring 등 웹 프레임워크에 대한 경험..."
https://kr.indeed.com/viewjob?jk=574d0d30ce692e73,Business Intelligence Strategist,서울,,"시각화합니다. - 값을 얻는데 필요한 기술에 (i.e. Excel, Python, SQL, R 등) 제약은 존재하지 않고 필요에 따라 ML도 사용할... 적극적인 분 우대사항 - Python을 통한 분석 프로젝트를 경험하신..."
https://kr.indeed.com/viewjob?jk=e8004f38042e7d44,NAVER Cloud 사내 플랫폼 운영,성남 서현동,,"Network관련 기초 지식을 보유하고 계신 분 - script ( Python, Html, javascript, Linux shell 중 1개이상... WEB/WAS, DB운영 경험 - Python, JAVA 중 하나의 프로그..."
https://kr.indeed.com/viewjob?jk=72444e8aa4a2dfd3,Korean & English Tutor - Python+Scratch,대한민국,,"you’re an expert Python programmer... least one... languages: Python, Scratch *You have studied coding..."
https://kr.indeed.com/viewjob?jk=f862c821b0734933,[NAVER Cloud] Media 서비스 개발,서울,,"다양한 개발 경험 또는 Go, Python, C/C++등을 이용한 플랫폼... 가능하신 분 - Java, Kotlin, Golang, C, C++, Python, node.js, typescript 등으로 작성된 코드 및 프레임..."
https://kr.indeed.com/viewjob?jk=9227b845fefe3105,이코딩아카데미 코딩교육 강사(시간제),성남 수정구,,"졸업성별 : 성별무관나이 : 연령무관초중고 코딩교육 ㆍ엔트리,스크래치,앱인벤터 등 EPLㆍ아두이노, C, Python< C / 파이썬 필수 가능자 >- 수업 컨텐츠 자료는 모두 제공 교육·교사·강사·교직원>IT·문화·직업강..."
https://kr.indeed.com/viewjob?jk=b79acb8f4c6b4c0d,Research Engineer,서울,,"자격 요건) - 프로덕션 환경에서 발생하는 리얼 월드 문제들을 풀어 나가며 서비스와 함께 성장하고 싶으신 분 - Python 기반의 머신러닝 라이브러리를 활용한 개발에 익숙하신 분 (Tensorflow, Pytorch 등..."
https://kr.indeed.com/viewjob?jk=016de9bb83a8032d,JR0186078 AI Research Engineer Intern,서울,,"architectures, and optimization strategiesProgramming skills with Python/C++Experience working with one or more deep learning..."
https://kr.indeed.com/viewjob?jk=28e3d0e3c55ccb97,22년 상반기 신입개발자,서울,,"템의 클라우드 전환 필요요건(하나 이상 보유 시 지원 가능) 1. 프로그래밍 언어 기초 활용 능력(Java, Python, Node.js, React, VueJS 등) 2. 응용 SW 기술 활용에 대한 이해(운영체제, 데이터..."
https://kr.indeed.com/viewjob?jk=0e8355b57923837c,Analog Verification Engineer,대한민국,,"design tool set, Programming / scripting know-how, e.g. Python, skill, makefile or other. programming script. Why Join Us..."
https://kr.indeed.com/viewjob?jk=fb8f5764cdbe3c39,"Customer Solutions Engineer, Global Client and Agency Soluti...",서울,,"general purpose programming language (e.g., Java, C/C++, Python). Ability to speak and write in English and Korean fluently..."
https://kr.indeed.com/viewjob?jk=3415a2ec10f41d98,[램플코딩학원] 온오프라인 코딩 강사,대전 서구,,"우대사항]ㆍ전공계열: 공학계열(컴퓨터공학, 소프트웨어공학, 시스템공학)ㆍ자격증: 정보처리기사ㆍC언어, Python 가능자ㆍ아두이노 로봇 강의 가능자 우대ㆍ자격증반/대회반 교육 경력자 우대 00 명 근무조건 고용형태: 계약직..."
https://kr.indeed.com/viewjob?jk=81e6d89be64b1731,5G RAN R&D 소프트웨어 개발자 신입/경력0명 채용,서울,,"Erlang, Java, Python 부가적으로 사용되는 프로그래밍 언어: Erlang, Java, Python Recruitment... 스트는 C / C++ /Java/ Python 언어 중 선택으로 진행될 예정..."
https://kr.indeed.com/viewjob?jk=392b3f56af22086d,데이터 시각화 신입 및 경력 컨설턴트,서울 강남구,,"분 우대)관련 동아리 활동 경험 우대SQL 및 데이터베이스 관련 경험데이터 전처리 및 모델링 경험R, Python, REST API 등 프로그래밍 경험 우대 [근무시간 및 형태] 주 5일 근무 (오전) 9시 30분~(오후..."
https://kr.indeed.com/viewjob?jk=d9746dd92adbf277,Software Engineer in Test,서울,,"few years of professional experience developing in Python or JS, other mobile platforms are plus. You bring significant..."
https://kr.indeed.com/viewjob?jk=28e8827913a5a90b,[서울게임아카데미] 게임개발분야 국기 교육생,서울 종로구,,통신·모바일·게임>웹프로그래머> Python|인터넷·IT·통신·모바일·게임... 로그래머>머신러닝(ML)|인터넷·IT·통신·모바일·게임>응용프로그래머> Python|인터넷·IT·통신·모바일·게임>응용프로그래머>증강현실(AR)|인터넷...
https://kr.indeed.com/viewjob?jk=30e17a7d8ce9d4d4,Software Engineer,서울,,"writing optimal code... least one stack (Java, Go, Ruby, Python) Ability to work collaboratively and cross-functionally..."
https://kr.indeed.com/viewjob?jk=3c3f9096fcea11a7,IPTV서비스품질검증팀 경력사원,서울특별시,,"등) 설계, 운영, 결론 도출의 업무 진행이 가능하신 분 - 테스트 자동화 설계 경험자 혹은 스크립트 언어( python, java, javascript 등) 가능자 및 협업 도구(JIRA, Github 등)에 대한 경험이..."
https://kr.indeed.com/viewjob?jk=340fa2d2204cf879,"Cloud AI Engineer, Professional Services",서울,,"Experience writing software in one or more languages... Python, Scala, R... similar. Experience building machine..."
https://kr.indeed.com/viewjob?jk=3b7dbdf85a326a6d,국내 대기업 - AI 및 딥러닝 관련 경력자,서울,,"관련 전문 지식 있는 분 - Python 또는 Scala, JAVA 활용... 레임워크 활용 역량 좋은 분- 자연어처리 관련 전문 지식 있는 분- Python 또는 Scala, JAVA 활용 역량- 미디어/커머스/전자/IT 업계..."
https://kr.indeed.com/viewjob?jk=a5a1cdc789366517,디지털마케팅 경력,서울특별시,,"케이션 인프라 구축 및 운영 경험 보유자 - SEO 컨설팅 경험 및 개선 프로젝트 경험자 - SQL, R, Python 등 통계 패키지 활용 자격증 보유 및 데이터분석 역량 보유자 - AR/VR 활용 마케팅 컨텐츠 제작/활용..."
https://kr.indeed.com/viewjob?jk=d08f13f0dd672196,[TmaxEdu/R&D] 연구 개발자,성남 분당구,,"CSS, JavaScript, TypeScript [Server 개발(사용 언어)] - Java, Python, SQL [Framework(사용 언어)] - React.js, Spring [입사 지원 시 참고 사항..."
https://kr.indeed.com/viewjob?jk=fb1465a52c7d01c8,AI SW 개발 경력사원 채용,서울,,"및 개선 할 수 있는 역량 보유자 프로그래밍에 대한 실무역량 보유자(TensorFlow,PyTorch, Python,C++등) [우대요건] Vision 또는 NLP 기술을 활용하여 프로젝트 및 솔루션 개발 경험자 0명..."
https://kr.indeed.com/viewjob?jk=8e60094702b4fe05,웹시스템 및 솔루션 분야 프로그래머 및 웹퍼블리셔,서울 금천구,,"년 이하)학력사항: 대학(2,3년)졸업 이상직무기술: 웹프로그래밍, 웹개발, 자바, JQUERY, AJAX, PYTHON, 리눅스, SPRING, JAVASCRIPT, MYSQL, MYBATIS, 응용프로그래밍, 응용프로그램..."
https://kr.indeed.com/viewjob?jk=f21952a2d7a0bfd8,"[Robotics] Robotics Software Engineer, Navigation",서울,,"요역량 ㅇ 컴퓨터 공학, 로봇 공학, 전자 공학 등 관련 기술 분야 석사 이상 학위 또는 3년 이상의 경력 ㅇ Python 혹은 C++ 언어의 능숙한 활용 ㅇ ROS/ROS2 혹은 유사한 framework를 활용한 robot..."
https://kr.indeed.com/viewjob?jk=d39d5624bfcc6b01,인사분야 신입사원 모집,서울 역삼동,,"기획 • 전공무관 (상경계열 전공 우대) Trading • 전공무관 (상경/화공계열 전공 우대) • Python, VBA 등 코딩 능숙자 우대 재무(회계) • 전공무관 (재무관리/파생상품 관련 전공 우대) 구매..."
https://kr.indeed.com/viewjob?jk=6cfffc13b8a012c3,Product Test Engineer,서울,,"Knowledge of Compute Language in either C++/C or VB, Python is preferred.. Good command of oral and written English. Good..."
https://kr.indeed.com/viewjob?jk=ec5c7ccd76639120,[외국계 스타트업 미소] Data Analyst,서울,,통신·모바일·게임>빅데이터·AI(인공지능)>데이터분석|인터넷·IT·통신·모바일·게임>빅데이터·AI(인공지능)> Python|인터넷·IT·통신·모바일·게임>데이터베이스·DBA>MySQL|인터넷·IT·통신·모바일·게임>데이터베이스...
https://kr.indeed.com/viewjob?jk=b03b8655f632f8f0,[네오컨버전스] 딥러닝 개발자 신입/경력 정규직,서울 성동구,,"부설연구소 [자격요건]신입, 경력(연차무관)대학교(4년)졸업 이상- Python 개발 가능자- Pytorch 딥러닝 프레임 워크 경험자- 딥러닝 이해... 게임>빅데이터·AI(인공지능)> Python|인터넷·IT·통신·모바일·게임..."
https://kr.indeed.com/viewjob?jk=2e46f8b2ba482821,"Customer Engineer, Data Analytics, Google Cloud",서울,,"writing code in a common development language... Java, Python, JavaScript, C++, Scala, R or Go. About the job..."
https://kr.indeed.com/viewjob?jk=2a494e5becfb158a,[Creative] IT/System Engineer (5년 이상),서울 강남구,,제작하고 있습니다. 우리 팀과 함께할 미션을 소개합니다. C++ / python 을 이용한 파이프라인 툴 개발 및 개선 TA 및 게임개발 엔지니어와... 통신·모바일·게임>응용프로그래머> Python|인터넷·IT·통신·모바일·게임...
https://kr.indeed.com/viewjob?jk=752a4b5d63eac97c,Sr. Back-end Engineer (Python),서울 강남구,,"관리합니다. 개발 언어 : Python 개발 환경 및 도구 : Django... 이상의 백엔드 개발 경험, 또는 이에 준하는 역량을 가지신 분 Python 및 Python web framework를 활용한 백엔드 개발에 거부감이..."
https://kr.indeed.com/viewjob?jk=1348a8748d42302f,데이터관리팀 사무직(CDW/EDW 시스템 관리) 채용공고,인천 신흥동,,"하우스 또는 BI 관련 경험자 - SQL 작성 능력 보유자, ETL 디자인, 구현, 유지보수 경험자 - Python나 R 등의 언어 관련 개발 경험자 나. 우대요건 - 병원 경력자 우대 / 통계학, 보건통계, 빅데이터..."
https://kr.indeed.com/viewjob?jk=0d10d8993d3cdfa9,HW/SW 분야 직무 교육 전문강사,서울 강남구,,통신·모바일·게임>응용프로그래머>인공지능(AI)|인터넷·IT·통신·모바일·게임>빅데이터·AI(인공지능)> Python|인터넷·IT·통신·모바일·게임>빅데이터·AI(인공지능)>빅데이터|인터넷·IT·통신·모바일·게임>빅데이터·AI...
https://kr.indeed.com/viewjob?jk=78e99625e5de3c95,전문연구요원 (병역특례) 수시 (AI / HW 분야),성남 분당구,,"모델의 RTL IP 설계 및 IP 검증 가능자 - Language: Python/Perl, C/C++ [우대 조건] - ARM based SoC 설계... Linux, shell, tcl, python, perl 사용 원활..."
https://kr.indeed.com/viewjob?jk=9720582e65044101,이공계 우수인력 희망기업,서울,,과정명 연수지역 연수기관 연락처 경기도경제과학진흥원 JAVA와 파이썬( Python)기반 빅데이터 분석 양성 서울 031-259-6067 동양미래대학교... 게임>빅데이터·AI(인공지능)> Python|인터넷·IT·통신·모바일·게임...
https://kr.indeed.com/viewjob?jk=dbb83e696ce19eb7,2022년 제1차 경력직원,서울 중구,,"퀀트 운용 및 퀀트 리서치 경력 3년 이상 또는 - 빅데이터 분석 경력 3년 이상 - 프로그래밍 언어( Python, SQL, R) 활용 능력 우대 - 퀀트 주식운용 - 퀀트 투자 전략 및 모델 개발 - 글로벌 금융시장 및..."
https://kr.indeed.com/viewjob?jk=e59c1870435e4653,Field Service Engineer,서울,,"experience with system administrative scripting. (bash, Python, etc.). Desired Skills: 3+ years Linux Systems experience..."
https://kr.indeed.com/viewjob?jk=42f10e68b30fd77f,데이터 플랫폼 백엔드 개발자 모집,서울 구로구,,"GCP 환경의 플랫폼 개발 및 운영 - 데이터 파이프라인 구성 및 운영 자격요건 - Java, Python 중 하나 이상의 언어에 익숙한 분 - 자료구조, 알고리즘, 운영체제 등 전산 기초 지식이 있는 분 - SQL..."
https://kr.indeed.com/viewjob?jk=98a3e3328fec92db,데이터 엔지니어,서울,,"end pipeline의 개발 ( Python, Airflow, k8s 활용... 데이터베이스 등 기본적인 전산 지식에 대한 이해를 갖추신 분 - Python / Java / Scala / Kotlin / Go 등의 언어로 개발..."
https://kr.indeed.com/viewjob?jk=229eb9cfd32480ed,A.I.개발자,서울 송파구,,"서비스 모델 IOT 플랫폼에 적용✔️ 필요 역량입니다.- 관련 경력 3 ~ 10년 이하 이신 분- python 언어를 통한 분석 가능하신 분- 리눅스 기반 개발 가능하신 분- 다양한 직군과의 커뮤니케이션, 다양한 상황에 대한..."
https://kr.indeed.com/viewjob?jk=4ae5eb5bb613a826,[클라우드플랫폼실] System Engineering팀 클라우드 엔지니어,서울 강남구,,라우드|인터넷·IT·통신·모바일·게임>응용프로그래머>Linux|인터넷·IT·통신·모바일·게임>응용프로그래머> Python|인터넷·IT·통신·모바일·게임>통신·모바일>플랫폼(VM)|인터넷·IT·통신·모바일·게임>ERP·시스템분석...
